"Protein","Label","log2FC","SE","Tvalue","DF","pvalue","adj.pvalue","issue","MissingPercentage","ImputationPercentage"
"A0A075B6H7","N-T",-1.18095126787709,0.417265647612555,-2.83021445602836,5,0.0366654823888293,0.199993540302705,NA,0.2,0.133333333333333
"A0A075B6J1","N-T",-0.586732740739991,0.472114906152395,-1.24277529282373,0,NA,NA,NA,0.755555555555556,0.0222222222222222
"A0A075B6R2","N-T",1.5246152277597,0.00170464248668599,894.390019999865,0,NA,NA,NA,0.6,0.0666666666666667
"A0A075B6S2;A0A0A0MRZ7;A2NJV5","N-T",0.378293813778151,0.404128799653607,0.936072395984646,3,0.418289545206181,0.628853915063914,NA,0.355555555555556,0.0222222222222222
"A0A0C4DH31","N-T",-0.818799176209446,0.527330575500951,-1.55272463659367,3,0.218302462555913,0.436604925111827,NA,0.36,0.16
"A6NHL2;P68363;P68366;Q71U36;Q9BQE3","N-T",-0.878760627683249,0.411032538615794,-2.13793445804216,2,0.165960804130322,0.365418284323644,NA,0.522222222222222,0.122222222222222
"A7E2Y1","N-T",NA,NA,NA,NA,NA,NA,NA,NA,NA
"A8K2U0","N-T",-Inf,NA,NA,NA,NA,0,"oneConditionMissing",NA,NA
"O00148","N-T",-Inf,NA,NA,NA,NA,0,"oneConditionMissing",NA,NA
"O00161","N-T",0.543860734696144,0.462770609198387,1.17522747531055,1,0.448827001977564,0.652839275603729,NA,0.666666666666667,0.0666666666666667
"O00499","N-T",NA,NA,NA,NA,NA,NA,NA,NA,NA
"O00505","N-T",-Inf,NA,NA,NA,NA,0,"oneConditionMissing",NA,NA
"O00506;Q9Y6E0","N-T",-0.40650009962869,0.371373072827441,-1.09458689757394,5,0.323602086009154,0.546933103114063,NA,0.3,0.166666666666667
"O00534","N-T",-0.242275883199182,0.43487256732159,-0.557119260686816,3,0.616311575339675,0.760827624435369,NA,0.48,0.146666666666667
"O14558","N-T",NA,NA,NA,NA,NA,NA,NA,NA,NA
"O14653","N-T",-0.428718134321598,0.179555952471997,-2.3876575987558,0,NA,NA,NA,0.577777777777778,0.0444444444444444
"O14734","N-T",-Inf,NA,NA,NA,NA,0,"oneConditionMissing",NA,NA
"O14773","N-T",0.423256373057363,0.901440125597921,0.469533539764074,1,0.720537444231487,0.84355603227101,NA,0.493333333333333,0.0933333333333333
"O14933","N-T",-Inf,NA,NA,NA,NA,0,"oneConditionMissing",NA,NA
"O14950;P19105","N-T",-1.06041567549205,0.256609750720716,-4.13240600761958,3,0.0257113450573958,0.171408967049305,NA,0.266666666666667,0
"O15116","N-T",-1.20349394275102,0.497558167419587,-2.41880049722131,3,0.0942701639937145,0.260055624810247,NA,0.433333333333333,0.166666666666667
"O15117","N-T",-0.251283536747345,0.357124890334369,-0.70362930041665,0,NA,NA,NA,0.7,0.166666666666667
"O15145","N-T",-0.962256639273973,0.11535036635312,-8.34203366401312,5,0.000404855409244176,0.0323884327395341,NA,0.166666666666667,0.0333333333333333
"O15347","N-T",-1.67640758710545,0.691791171815911,-2.42328560323339,2,0.136318887216166,0.311586027922664,NA,0.422222222222222,0.0888888888888889
"O15371","N-T",-Inf,NA,NA,NA,NA,0,"oneConditionMissing",NA,NA
"O15460","N-T",-Inf,NA,NA,NA,NA,0,"oneConditionMissing",NA,NA
"O43290","N-T",NA,NA,NA,NA,NA,NA,NA,NA,NA
"O43324","N-T",-1.15975940038725,0.248534783396752,-4.66638667045592,0,NA,NA,NA,0.6,0.0666666666666667
"O43684","N-T",-1.51547694302436,0.391643217230494,-3.86953450577047,3,0.0305368202089333,0.1832209212536,NA,0.422222222222222,0.155555555555556
"O60216","N-T",-0.571684891228606,0.239628294806058,-2.38571530833326,1,0.252683941956384,0.470109659453738,NA,0.6,0.2
"O60443","N-T",-Inf,NA,NA,NA,NA,0,"oneConditionMissing",NA,NA
"O60573","N-T",-Inf,NA,NA,NA,NA,0,"oneConditionMissing",NA,NA
"O60613","N-T",-Inf,NA,NA,NA,NA,0,"oneConditionMissing",NA,NA
"O60826","N-T",0.140000696022489,0.183212653420003,0.764143160470178,4,0.487369868813501,0.678694330884525,NA,0.633333333333333,0.433333333333333
"O60936","N-T",0.0458430267467439,0.339471652106271,0.135042282506679,1,0.91454636662267,0.954309252128003,NA,0.555555555555556,0.155555555555556
"O75064","N-T",-0.732297052664838,0.00247260744282654,-296.163895643588,0,NA,NA,NA,0.746666666666667,0.08
"O75116","N-T",-0.0731864088937982,0.667192875121714,-0.10969303123995,1,0.93044533148172,0.966696448292697,NA,0.611111111111111,0.144444444444444
"O75306","N-T",-0.675395864509058,0.247135867159983,-2.73289293161094,3,0.0717658051808356,0.240258384915291,NA,0.455555555555556,0.188888888888889
"O75339","N-T",-Inf,NA,NA,NA,NA,0,"oneConditionMissing",NA,NA
"O75369;P21333","N-T",0.715854542810108,1.04232920245152,0.686783543170859,0,NA,NA,NA,0.65,0.05
"O75436","N-T",NA,NA,NA,NA,NA,NA,NA,NA,NA
"O75534","N-T",-Inf,NA,NA,NA,NA,0,"oneConditionMissing",NA,NA
"O75569","N-T",-0.36687475324442,0.2627983098476,-1.39603163147121,4,0.235201456021086,0.453150383906146,NA,0.422222222222222,0.222222222222222
"O75629","N-T",2.10677737740375,1.02263792489254,2.06014008098236,3,0.131478267835377,0.303939055464212,NA,0.555555555555556,0.222222222222222
"O75781","N-T",0.732601457421308,0.343772277561531,2.13106613080568,4,0.100087827622525,0.264228666447992,NA,0.444444444444444,0.244444444444444
"O75995","N-T",-0.796838641087985,0.294940071705698,-2.70169677683912,2,0.114038975350974,0.292451312038111,NA,0.706666666666667,0.173333333333333
"O76003","N-T",-1.82515487525905,0.785953618006133,-2.32221702839061,1,0.25886468679424,0.47699103145075,NA,0.644444444444444,0.111111111111111
"O76024","N-T",0.932090769966419,0.236155767962033,3.94693205256063,2,0.0586057267214559,0.238396176494058,NA,0.522222222222222,0.122222222222222
"O76071","N-T",-1.12588483160987,0.436954034642782,-2.57666651946652,2,0.123360187717982,0.300659947900425,NA,0.453333333333333,0.12
"O94888","N-T",NA,NA,NA,NA,NA,NA,NA,NA,NA
"O94901","N-T",-0.383794372649312,0.61719680765982,-0.621834669081515,3,0.578105823941836,0.734102633576935,NA,0.44,0.173333333333333
"O94911","N-T",0.329935877509285,0.0695674707000817,4.74267461773478,0,NA,NA,NA,0.583333333333333,0.116666666666667
"O94992","N-T",-0.329277256487777,0.23250160360377,-1.41623649636814,1,0.391397681149016,0.608382859587053,NA,0.586666666666667,0.0533333333333333
"O95163","N-T",-Inf,NA,NA,NA,NA,0,"oneConditionMissing",NA,NA
"O95171","N-T",Inf,NA,NA,NA,NA,0,"oneConditionMissing",NA,NA
"O95425","N-T",NA,NA,NA,NA,NA,NA,NA,NA,NA
"O95428","N-T",NA,NA,NA,NA,NA,NA,NA,NA,NA
"O95436","N-T",0.567175259885295,0.341860348210708,1.65908466089701,2,0.238964954356107,0.453150383906146,NA,0.65,0.25
"O95747","N-T",0.62100197446503,0.249400977545186,2.48997409945002,1,0.243121307352191,0.455852451285357,NA,0.633333333333333,0.1
"O95777","N-T",-1.39642300529671,0.0753485559615487,-18.5328436288722,1,0.0343176160107617,0.196100662918638,NA,0.5,0.1
"O95810","N-T",Inf,NA,NA,NA,NA,0,"oneConditionMissing",NA,NA
"O95983","N-T",-Inf,NA,NA,NA,NA,0,"oneConditionMissing",NA,NA
"O96019","N-T",-0.631796898926523,0.296697887161057,-2.12942837231451,0,NA,NA,NA,0.766666666666667,0.166666666666667
"P00325;P08319","N-T",0.664772777781726,0.86347456223347,0.769881137044987,2,0.521869856643823,0.707620144601793,NA,0.5,0.166666666666667
"P00387","N-T",0.533545867994969,0.309998545151644,1.72112378054539,4,0.160339025143336,0.356308944762969,NA,0.255555555555556,0.0555555555555556
"P00740","N-T",0.136966886123501,0.245106297122207,0.558806067945334,0,NA,NA,NA,0.8,0
"P00813","N-T",-Inf,NA,NA,NA,NA,0,"oneConditionMissing",NA,NA
"P01111","N-T",-0.701538570976212,0.203252733655913,-3.45155786275352,5,0.0182070537226184,0.140957835271885,NA,0.255555555555556,0.122222222222222
"P01112;P01116","N-T",-0.615125732421839,0.435925095754937,-1.41108125779399,4,0.231053721448946,0.453150383906146,NA,0.377777777777778,0.177777777777778
"P01611;A0A0C4DH73","N-T",0.103229565735811,0.390637393152392,0.264259304268753,2,0.816319676335579,0.903684063594156,NA,0.483333333333333,0.0833333333333333
"P01624;A0A087WSY6","N-T",-0.234435556798526,0.50355851306063,-0.465557727092382,6,0.6579513226756,0.78954158721072,NA,0.106666666666667,0.04
"P01742;A0A0B4J2H0","N-T",-0.33438335066096,0.466851964516772,-0.71625135176859,3,0.525557255509807,0.70823965111817,NA,0.533333333333333,0.2
"P01780","N-T",-0.495061297611977,0.0592989164269978,-8.34857240977482,1,0.0758933451033832,0.242858704330826,NA,0.622222222222222,0.155555555555556
"P01889;P04439","N-T",-0.139126637758843,0.417208963610856,-0.333469915302709,5,0.752309499787662,0.85890904610808,NA,0.277777777777778,0.144444444444444
"P01889;P13747","N-T",0.383289774567807,0.370530487585325,1.03443518795344,1,0.489225496845928,0.678694330884525,NA,0.693333333333333,0.16
"P01893;P04439;P10321","N-T",0.0890067542142782,0.415958317342918,0.213979984299486,5,0.839015053992165,0.915317581357129,NA,0.244444444444444,0.111111111111111
"P01911;Q30154","N-T",0.448126315054239,0.189156509539041,2.36907688847868,6,0.0555907065452481,0.230030509842406,NA,0.2,0.133333333333333
"P02008","N-T",2.72432132090705,0.553274569205203,4.92399519612952,1,0.127554521544132,0.303099853174174,NA,0.533333333333333,0
"P02533;P08779","N-T",-2.00993530296315,1.17493152297792,-1.71068293228602,2,0.229268523890679,0.453150383906146,NA,0.444444444444444,0.0444444444444444
"P02533;Q04695","N-T",-Inf,NA,NA,NA,NA,0,"oneConditionMissing",NA,NA
"P02741","N-T",3.03391397852812,0.119509736216391,25.3863331522608,0,NA,NA,NA,0.733333333333333,0
"P02745","N-T",0.183250222999425,0.21783700811661,0.841226312203708,1,0.554761893461771,0.715894656091073,NA,0.633333333333333,0.233333333333333
"P03950","N-T",0.55036043942757,0.04020427776655,13.6891015086328,1,0.0464231315896078,0.22057933543035,NA,0.655555555555556,0.188888888888889
"P03956","N-T",-Inf,NA,NA,NA,NA,0,"oneConditionMissing",NA,NA
"P04066","N-T",NA,NA,NA,NA,NA,NA,NA,NA,NA
"P04181","N-T",-Inf,NA,NA,NA,NA,0,"oneConditionMissing",NA,NA
"P04259","N-T",-1.44385675290407,0.528735785068937,-2.73077176479709,0,NA,NA,NA,0.695238095238095,0.0952380952380952
"P04259;P13647;P48668","N-T",0.252171484551513,0.394532142949865,0.639165880544129,0,NA,NA,NA,0.8,0
"P04264","N-T",-Inf,NA,NA,NA,NA,0,"oneConditionMissing",NA,NA
"P04430","N-T",-0.484413210340051,0.370406743102319,-1.30778723487288,2,0.321058829660655,0.546933103114063,NA,0.586666666666667,0.253333333333333
"P04433;A0A0A0MRZ8","N-T",0.913217600737308,0.426570288381532,2.14083733820793,5,0.0852270026556023,0.249444885821275,NA,0.24,0.173333333333333
"P04908;P0C0S8;P20671;Q16777;Q6FI13;Q7L7L0;Q93077;Q96KK5;Q99878;Q9BTM1","N-T",-1.15488518926758,0.542151719427552,-2.13018818880996,4,0.100186702694864,0.264228666447992,NA,0.2,0.0666666666666667
"P05023;P13637;P50993;Q13733","N-T",-0.321569845977014,0.425052541335626,-0.756541403014689,2,0.528298499623534,0.70823965111817,NA,0.56,0.226666666666667
"P05109","N-T",-0.335221045839711,1.19454679754342,-0.280626130787919,0,NA,NA,NA,0.766666666666667,0.1
"P05452","N-T",-0.612062487235362,0.42803256439519,-1.42994374294911,2,0.28899329767799,0.52149166498284,NA,0.544444444444445,0.144444444444444
"P05543","N-T",0.00216708249434648,0.169205845972829,0.0128073736571399,3,0.990585576263832,0.994532590928868,NA,0.333333333333333,0.133333333333333
"P05546","N-T",NA,NA,NA,NA,NA,NA,NA,NA,NA
"P06280","N-T",0.380375908438067,0.529533778878449,0.718322274442439,0,NA,NA,NA,0.611111111111111,0.0777777777777778
"P06865","N-T",NA,NA,NA,NA,NA,NA,NA,NA,NA
"P07305","N-T",-0.134243617830648,0.75454004020114,-0.17791450510017,1,0.887908981082902,0.942275940130931,NA,0.666666666666667,0
"P07357","N-T",-Inf,NA,NA,NA,NA,0,"oneConditionMissing",NA,NA
"P07437;P68371;Q13885;Q9BVA1","N-T",-1.09753528330313,0.204214807793952,-5.37441576915675,6,0.00170464794558733,0.05113943836762,NA,0.1,0.0333333333333333
"P07476","N-T",-Inf,NA,NA,NA,NA,0,"oneConditionMissing",NA,NA
"P07738","N-T",NA,NA,NA,NA,NA,NA,NA,NA,NA
"P07902","N-T",0.152411410991374,0.244800020041659,0.622595582163096,3,0.577667032891137,0.734102633576935,NA,0.4,0.133333333333333
"P08397","N-T",-0.259562977368524,0.38382775771626,-0.676248583252289,3,0.547350897091636,0.715894656091073,NA,0.56,0.293333333333333
"P08727;P13646","N-T",-Inf,NA,NA,NA,NA,0,"oneConditionMissing",NA,NA
"P08754","N-T",-0.416014111258255,0.370762589165305,-1.12204985997866,5,0.312814961062995,0.544026019239992,NA,0.366666666666667,0.3
"P09238","N-T",-Inf,NA,NA,NA,NA,0,"oneConditionMissing",NA,NA
"P09429;B2RPK0","N-T",NA,NA,NA,NA,NA,NA,NA,NA,NA
"P09429;P26583;B2RPK0","N-T",-0.224088788144022,0.33808009459933,-0.662827512544318,3,0.554818358470582,0.715894656091073,NA,0.466666666666667,0.2
"P0DMM9;P0DMN0;P50225","N-T",1.64191693059162,0.32919087397669,4.98773526360844,6,0.00248249675117518,0.0595799220282043,NA,0.155555555555556,0.0888888888888889
"P0DMV8;P0DMV9;P11142;P34931;P54652","N-T",-2.19998193445047,0.222725625752316,-9.87754295007338,5,0.000181347513657837,0.0217617016389404,NA,0.288888888888889,0.155555555555556
"P0DP01","N-T",-Inf,NA,NA,NA,NA,0,"oneConditionMissing",NA,NA
"P0DPH7;P0DPH8;P68363;Q6PEY2;Q71U36;Q9BQE3","N-T",-1.38006698590337,0.313036454000064,-4.40864623997781,2,0.0477921893432425,0.22057933543035,NA,0.426666666666667,0.0933333333333333
"P11686","N-T",3.68376137700808,0.266327114069826,13.8317173971339,4,0.000158366326237225,0.0217617016389404,NA,0.255555555555556,0.122222222222222
"P11940;Q13310;Q9H361;Q4VXU2","N-T",-2.40418231534752,0.214669762153579,-11.1994455634023,3,0.00152600004412706,0.05113943836762,NA,0.288888888888889,0.0888888888888889
"P12074","N-T",-1.20884922368793,0.227019073757482,-5.32487955165966,1,0.118179229667454,0.298558053896727,NA,0.7,0.1
"P12532","N-T",-Inf,NA,NA,NA,NA,0,"oneConditionMissing",NA,NA
"P12814;P35609","N-T",-0.680345534101089,0.324856823772082,-2.09429349890589,6,0.0811152139197202,0.249444885821275,NA,0.288888888888889,0.222222222222222
"P12821","N-T",0.767992621693646,0.523271401228956,1.46767551196174,3,0.238487793685892,0.453150383906146,NA,0.355555555555556,0.155555555555556
"P13073","N-T",-Inf,NA,NA,NA,NA,0,"oneConditionMissing",NA,NA
"P13645","N-T",0.00436373249576979,0.564358488625705,0.00773219962792817,2,0.994532590928868,0.994532590928868,NA,0.4,0.0666666666666667
"P13686","N-T",1.79612955014216,0.733190147081497,2.44974589101034,3,0.0917001944625777,0.260055624810247,NA,0.4,0.133333333333333
"P14207","N-T",-0.202743696475175,0.0866089342709645,-2.34090972463501,0,NA,NA,NA,0.7,0.1
"P14207;P41439","N-T",-0.396690973195614,0.423008138574637,-0.937785676021032,0,NA,NA,NA,0.777777777777778,0.0444444444444444
"P14209","N-T",-0.541803690525099,0.459772609323012,-1.17841663365478,3,0.323590545367876,0.546933103114063,NA,0.366666666666667,0.1
"P14222","N-T",1.4386547201513,0.473690513345544,3.03711955299776,2,0.0934615742826148,0.260055624810247,NA,0.422222222222222,0.0888888888888889
"P14555","N-T",-1.60032969384078,0.439085093840979,-3.64469146479466,2,0.0677219920138725,0.240258384915291,NA,0.66,0.26
"P15289","N-T",-Inf,NA,NA,NA,NA,0,"oneConditionMissing",NA,NA
"P15328","N-T",Inf,NA,NA,NA,NA,0,"oneConditionMissing",NA,NA
"P15502","N-T",0.0283834959901715,0.139720022813545,0.2031455149993,1,0.872409775587248,0.942275940130931,NA,0.716666666666667,0.05
"P15814","N-T",NA,NA,NA,NA,NA,NA,NA,NA,NA
"P15907","N-T",-Inf,NA,NA,NA,NA,0,"oneConditionMissing",NA,NA
"P15941","N-T",0.403552932851915,0.329591684445798,1.22440265302956,1,0.435992942953297,0.641952799440437,NA,0.716666666666667,0.05
"P16083","N-T",0.417177852203283,0.265834142797686,1.56931629553988,1,0.361178991370521,0.581764818314934,NA,0.65,0.05
"P16615;Q93084","N-T",-1.08613398382977,0.213573711905466,-5.08552281148968,5,0.00381656359580207,0.0704596356148074,NA,0.255555555555556,0.188888888888889
"P17301","N-T",-Inf,NA,NA,NA,NA,0,"oneConditionMissing",NA,NA
"P17568","N-T",-Inf,NA,NA,NA,NA,0,"oneConditionMissing",NA,NA
"P17612","N-T",0.495697851650574,0.338206864692913,1.46566466680284,5,0.202638661347864,0.413971049127606,NA,0.253333333333333,0.12
"P18124","N-T",-0.178108469451234,0.379398510110077,-0.469449575327952,6,0.655322892833285,0.78954158721072,NA,0.322222222222222,0.255555555555556
"P18621","N-T",-0.455758507436957,0.817435578546005,-0.557546697744215,0,NA,NA,NA,0.666666666666667,0
"P18627","N-T",NA,NA,NA,NA,NA,NA,NA,NA,NA
"P19404","N-T",-1.07546128360141,0.274489406756635,-3.91804294493204,5,0.0112040074804114,0.116911382404293,NA,0.322222222222222,0.188888888888889
"P19474","N-T",0.200769629143162,0.444491082962949,0.451684267330729,3,0.682152809465839,0.810115576794535,NA,0.466666666666667,0.2
"P20020;P23634;Q01814;Q16720","N-T",-0.192774977250032,0.448505507880009,-0.429816298491493,5,0.685222758705377,0.810115576794535,NA,0.344444444444444,0.211111111111111
"P20036","N-T",-Inf,NA,NA,NA,NA,0,"oneConditionMissing",NA,NA
"P20592","N-T",-1.27082473435383,0.126654644590846,-10.0337791674296,0,NA,NA,NA,0.6,0.0666666666666667
"P21589","N-T",-0.0491227690654935,0.374912411550581,-0.131024654164767,3,0.904048662138344,0.951630170671941,NA,0.355555555555556,0.0888888888888889
"P21695","N-T",NA,NA,NA,NA,NA,NA,NA,NA,NA
"P21912","N-T",-Inf,NA,NA,NA,NA,0,"oneConditionMissing",NA,NA
"P22528;P35321","N-T",-2.48338990950622,1.65566404782882,-1.49993587936083,0,NA,NA,NA,0.693333333333333,0.0933333333333333
"P22694","N-T",0.215199983160561,0.248596259873392,0.865660582625663,4,0.435509028378719,0.641952799440437,NA,0.477777777777778,0.277777777777778
"P22894","N-T",-0.952677126288489,0.0996967230622679,-9.55575165387806,1,0.0663800174570661,0.240258384915291,NA,0.746666666666667,0.213333333333333
"P23229","N-T",-0.320479949618495,0.218108311958258,-1.46936146880926,1,0.380421550336915,0.596739686803004,NA,0.516666666666667,0.116666666666667
"P23258;Q9NRH3","N-T",1.26533227537322,0.228965141562321,5.526309667661,0,NA,NA,NA,0.577777777777778,0.0444444444444444
"P24158","N-T",-0.188769452516377,1.00803758879646,-0.187264299084082,0,NA,NA,NA,0.666666666666667,0.133333333333333
"P25685","N-T",NA,NA,NA,NA,NA,NA,NA,NA,NA
"P26440","N-T",-Inf,NA,NA,NA,NA,0,"oneConditionMissing",NA,NA
"P27361","N-T",0.805665028377801,0.458933133540326,1.75551724095991,1,0.329636144561035,0.549646443115691,NA,0.693333333333333,0.16
"P27635;Q96L21","N-T",-0.761432277323052,0.542137379282598,-1.40450060523523,2,0.295334009150982,0.528174600506477,NA,0.555555555555556,0.222222222222222
"P27694","N-T",-0.977355828912628,0.242728211409561,-4.02654402319768,0,NA,NA,NA,0.766666666666667,0.0333333333333333
"P29034","N-T",-Inf,NA,NA,NA,NA,0,"oneConditionMissing",NA,NA
"P29218","N-T",0.167449006924926,0.584979236548753,0.286247778490118,1,0.822514979261032,0.905521078085539,NA,0.723809523809524,0.257142857142857
"P29536","N-T",1.29350680783419,0.293867905416624,4.40166069173274,5,0.00701097721601429,0.0860755776147171,NA,0.453333333333333,0.32
"P29558;Q6XE24","N-T",0.0169686373762043,0.0983529578798812,0.172527982299507,1,0.891235993373839,0.942275940130931,NA,0.64,0.173333333333333
"P29622","N-T",0.773374168407425,0.00385250382211961,200.745853636019,0,NA,NA,NA,0.755555555555556,0.0222222222222222
"P29692","N-T",-1.18126259409033,0.390638879857795,-3.02392479345718,4,0.039012517112802,0.208066757934944,NA,0.355555555555556,0.155555555555556
"P29728","N-T",-Inf,NA,NA,NA,NA,0,"oneConditionMissing",NA,NA
"P29992","N-T",0.733881928941328,0.250754308868687,2.92669718120633,5,0.0327580418137339,0.191754391104784,NA,0.24,0.173333333333333
"P30419","N-T",0.989124913860094,0.992469129528252,0.996630408373762,0,NA,NA,NA,0.688888888888889,0.0222222222222222
"P30511","N-T",1.3843368022865,0.278156877537397,4.97682032722839,3,0.0155896748408724,0.129017998683082,NA,0.45,0.183333333333333
"P30838","N-T",NA,NA,NA,NA,NA,NA,NA,NA,NA
"P31323","N-T",-0.0145660734792141,0.689312200190883,-0.0211313153534502,1,0.986549388636509,0.994532590928868,NA,0.733333333333333,0.0666666666666667
"P31645","N-T",Inf,NA,NA,NA,NA,0,"oneConditionMissing",NA,NA
"P31749","N-T",-Inf,NA,NA,NA,NA,0,"oneConditionMissing",NA,NA
"P31943;P52597","N-T",-1.35399796527398,0.516014176015777,-2.62395497683495,2,0.119713081359397,0.299282703398492,NA,0.386666666666667,0.0533333333333333
"P32322","N-T",-Inf,NA,NA,NA,NA,0,"oneConditionMissing",NA,NA
"P33527","N-T",NA,NA,NA,NA,NA,NA,NA,NA,NA
"P35244","N-T",-0.0877714425827143,0.476045395416341,-0.18437620325253,1,0.883926043064937,0.942275940130931,NA,0.622222222222222,0.0888888888888889
"P35321","N-T",-Inf,NA,NA,NA,NA,0,"oneConditionMissing",NA,NA
"P35659","N-T",-1.03931600651604,0.0570873070218574,-18.2057283962984,2,0.00300347386795541,0.0600694773591082,NA,0.583333333333333,0.183333333333333
"P35749;Q7Z406","N-T",1.4757056335509,0.336522617312695,4.38516033583467,0,NA,NA,NA,0.64,0.106666666666667
"P35813","N-T",0.754383658692826,0.279021132896228,2.70367929074889,0,NA,NA,NA,0.688888888888889,0.0888888888888889
"P36551","N-T",-Inf,NA,NA,NA,NA,0,"oneConditionMissing",NA,NA
"P36955","N-T",-1.13328206479378,0.170189042297122,-6.65896023326375,2,0.0218167996475198,0.149600911868707,NA,0.44,0.106666666666667
"P37023","N-T",0.227254677339355,0.471383370902144,0.482101600029779,0,NA,NA,NA,0.613333333333333,0.08
"P37198","N-T",-1.20099439473668,0.175616132715761,-6.8387475351169,1,0.0924350137880543,0.260055624810247,NA,0.522222222222222,0.122222222222222
"P39023","N-T",-Inf,NA,NA,NA,NA,0,"oneConditionMissing",NA,NA
"P40261","N-T",-1.2818564699107,0.670755738500752,-1.91106299407271,1,0.306907417536391,0.537648030720684,NA,0.678787878787879,0.212121212121212
"P41091","N-T",-Inf,NA,NA,NA,NA,0,"oneConditionMissing",NA,NA
"P41236;Q6NXS1","N-T",-0.31346426177222,0.565779001813512,-0.554040112424572,3,0.618172444853737,0.760827624435369,NA,0.4,0.133333333333333
"P42025","N-T",-0.668726426862731,0.384419342129072,-1.73957538962283,3,0.180313264106182,0.379606871802489,NA,0.455555555555556,0.188888888888889
"P42285","N-T",-Inf,NA,NA,NA,NA,0,"oneConditionMissing",NA,NA
"P42331","N-T",-Inf,NA,NA,NA,NA,0,"oneConditionMissing",NA,NA
"P43155","N-T",-0.198142560840232,0.28308720332253,-0.699934714514389,1,0.611227670407645,0.760075859574274,NA,0.566666666666667,0.166666666666667
"P43246","N-T",NA,NA,NA,NA,NA,NA,NA,NA,NA
"P43358","N-T",-Inf,NA,NA,NA,NA,0,"oneConditionMissing",NA,NA
"P46776","N-T",-Inf,NA,NA,NA,NA,0,"oneConditionMissing",NA,NA
"P46778","N-T",0.762184914523061,0.00193750077786108,393.385604399334,0,NA,NA,NA,0.711111111111111,0.0444444444444444
"P46781","N-T",-1.23868436180379,0.356173733733697,-3.47775325490431,2,0.0736613078015977,0.24217416263539,NA,0.45,0.116666666666667
"P47755;P52907","N-T",0.448038008142973,0.385052181809155,1.16357737810465,5,0.297098212784893,0.528174600506477,NA,0.311111111111111,0.177777777777778
"P47929","N-T",-Inf,NA,NA,NA,NA,0,"oneConditionMissing",NA,NA
"P47985","N-T",-1.11748917189291,0.442023128933027,-2.52812375359259,1,0.239792078150336,0.453150383906146,NA,0.55,0.15
"P47985;P0C7P4","N-T",-0.430556854892907,0.412117728372779,-1.04474237639068,1,0.48607191937272,0.678694330884525,NA,0.577777777777778,0.0444444444444444
"P48059","N-T",0.316354159439637,0.1361669377647,2.32328173514708,0,NA,NA,NA,0.688888888888889,0.155555555555556
"P48426;P78356","N-T",-0.405285783984896,0.406739159918939,-0.996426761725297,4,0.375437789125862,0.592796509146099,NA,0.388888888888889,0.188888888888889
"P48449","N-T",0.199741883476981,0.388455910607568,0.514194476187974,0,NA,NA,NA,0.75,0.0833333333333333
"P48507","N-T",0.362039792800431,0.399360768104117,0.906548218341877,1,0.531179738338628,0.70823965111817,NA,0.56,0.0933333333333333
"P48595","N-T",NA,NA,NA,NA,NA,NA,NA,NA,NA
"P49585","N-T",-1.28835787206741,0.398835218187093,-3.23030117030199,0,NA,NA,NA,0.633333333333333,0.1
"P49756","N-T",-0.979886708625868,0.27478646247457,-3.56599338919963,1,0.174054647427288,0.370935315698968,NA,0.666666666666667,0.2
"P49757;Q9Y6R0","N-T",0.195640381989655,0.462615147776865,0.422900942456858,1,0.745293914034468,0.85890904610808,NA,0.72,0.0533333333333333
"P50402","N-T",0.0395764498148432,0.468001691602204,0.0845647580446839,5,0.935888972157189,0.967581783844947,NA,0.253333333333333,0.186666666666667
"P50452","N-T",-1.50560175695104,0.614854452336387,-2.44871245744403,0,NA,NA,NA,0.72,0.0533333333333333
"P50570;Q05193;Q9UQ16","N-T",-0.642780997471981,0.173324905398752,-3.7085322273403,5,0.0138760083491216,0.129017998683082,NA,0.222222222222222,0.155555555555556
"P51636","N-T",Inf,NA,NA,NA,NA,0,"oneConditionMissing",NA,NA
"P51648","N-T",NA,NA,NA,NA,NA,NA,NA,NA,NA
"P51649","N-T",0.262499198313675,0.149610993584417,1.75454485011197,1,0.329787865869414,0.549646443115691,NA,0.56,0.16
"P51808","N-T",0.867476273442289,0.170434487616992,5.08979306695088,3,0.0146583808768734,0.129017998683082,NA,0.586666666666667,0.253333333333333
"P51812;Q15349;Q15418","N-T",0.563767306719378,0.352769241601899,1.59811922422531,5,0.170908816225151,0.36970525182144,NA,0.4,0.266666666666667
"P51970","N-T",-Inf,NA,NA,NA,NA,0,"oneConditionMissing",NA,NA
"P52888","N-T",-Inf,NA,NA,NA,NA,0,"oneConditionMissing",NA,NA
"P52926","N-T",-Inf,NA,NA,NA,NA,0,"oneConditionMissing",NA,NA
"P55001","N-T",-Inf,NA,NA,NA,NA,0,"oneConditionMissing",NA,NA
"P55058","N-T",-Inf,NA,NA,NA,NA,0,"oneConditionMissing",NA,NA
"P55196","N-T",0.244810213863698,0.515289487998082,0.475092583034818,0,NA,NA,NA,0.688888888888889,0.0222222222222222
"P55327","N-T",-Inf,NA,NA,NA,NA,0,"oneConditionMissing",NA,NA
"P55769","N-T",-Inf,NA,NA,NA,NA,0,"oneConditionMissing",NA,NA
"P56199","N-T",Inf,NA,NA,NA,NA,0,"oneConditionMissing",NA,NA
"P56377","N-T",-0.12305130523088,0.149923241635068,-0.820762037219037,2,0.498044800243426,0.683673933318657,NA,0.573333333333333,0.173333333333333
"P56556","N-T",-1.05786829588768,0.517271265942539,-2.04509387151073,0,NA,NA,NA,0.733333333333333,0.0666666666666667
"P59768","N-T",0.87714228651139,0.215664300701765,4.06716495802594,5,0.00966082523549061,0.105390820750807,NA,0.177777777777778,0.111111111111111
"P60228","N-T",-1.05649640778136,0.186833412863193,-5.65475089059666,2,0.0298787300026528,0.1832209212536,NA,0.433333333333333,0.1
"P60903","N-T",0.775452688765638,0.498744062844078,1.55481086700789,6,0.170988678967416,0.36970525182144,NA,0.177777777777778,0.111111111111111
"P61026","N-T",-Inf,NA,NA,NA,NA,0,"oneConditionMissing",NA,NA
"P61081","N-T",-1.67921077737576,0.506022357041129,-3.31845175220049,5,0.0210440208525893,0.148546029547689,NA,0.277777777777778,0.144444444444444
"P61289","N-T",-1.91735013162555,0.28391688912413,-6.75320914349437,0,NA,NA,NA,0.5,0.0333333333333333
"P61619","N-T",-2.01963887958154,0.461392578389189,-4.37726780658782,5,0.00717296480122642,0.0860755776147171,NA,0.366666666666667,0.233333333333333
"P61626","N-T",-0.636585601794524,0.223712676818521,-2.8455499744028,4,0.0466050831085378,0.22057933543035,NA,0.344444444444444,0.211111111111111
"P61966","N-T",-0.161910027767509,0.0633616024530091,-2.55533353796704,2,0.125056587159372,0.300659947900425,NA,0.5,0.166666666666667
"P62136","N-T",-0.561325278541257,0.319319884489948,-1.75787761992294,6,0.129274231270055,0.303939055464212,NA,0.166666666666667,0.1
"P62304","N-T",-Inf,NA,NA,NA,NA,0,"oneConditionMissing",NA,NA
"P62854","N-T",1.00999066410742,0.197312374433632,5.11873959758735,0,NA,NA,NA,0.577777777777778,0.111111111111111
"P62873;P62879","N-T",-0.159354421903739,0.134124563324634,-1.18810766614046,5,0.288144771669185,0.52149166498284,NA,0.244444444444444,0.177777777777778
"P62899","N-T",0.0184950710290396,0.215271485112018,0.0859150993426537,2,0.939360648482803,0.967581783844947,NA,0.633333333333333,0.166666666666667
"P63010;Q10567","N-T",0.0366801089538658,0.0974330945348601,0.376464579401634,1,0.77078246219498,0.864428929564463,NA,0.622222222222222,0.155555555555556
"P63027","N-T",NA,NA,NA,NA,NA,NA,NA,NA,NA
"P63167","N-T",-0.762528368650686,0.414595829796168,-1.83920896895074,5,0.125274978291844,0.300659947900425,NA,0.211111111111111,0.0777777777777778
"P63208","N-T",-Inf,NA,NA,NA,NA,0,"oneConditionMissing",NA,NA
"P63220","N-T",-1.13501559472802,0.196022681230224,-5.7902258432787,5,0.00216357530725531,0.0576953415268081,NA,0.166666666666667,0.1
"P63241","N-T",-Inf,NA,NA,NA,NA,0,"oneConditionMissing",NA,NA
"P68104;Q05639","N-T",-1.99546743384079,0.620292289717401,-3.21697926432377,0,NA,NA,NA,0.633333333333333,0.166666666666667
"P78347","N-T",0.303020204120406,0.400356708441854,0.756875550555224,0,NA,NA,NA,0.8,0
"P80303","N-T",-Inf,NA,NA,NA,NA,0,"oneConditionMissing",NA,NA
"P84098","N-T",-0.844010600970709,0.190823389410666,-4.42299344738258,5,0.00687277891986815,0.0860755776147171,NA,0.2,0.0666666666666667
"Q00534","N-T",-0.478477370083328,0.476246212181551,-1.00468488324885,1,0.498512243044854,0.683673933318657,NA,0.586666666666667,0.186666666666667
"Q00653","N-T",-Inf,NA,NA,NA,NA,0,"oneConditionMissing",NA,NA
"Q00796","N-T",-Inf,NA,NA,NA,NA,0,"oneConditionMissing",NA,NA
"Q01433","N-T",-0.64650000871899,0.145569049256086,-4.4411913935198,0,NA,NA,NA,0.586666666666667,0.12
"Q02487","N-T",-Inf,NA,NA,NA,NA,0,"oneConditionMissing",NA,NA
"Q03519","N-T",-0.987943480096349,0.384217618356848,-2.57131227953941,5,0.0499557013958523,0.222697251235556,NA,0.177777777777778,0.111111111111111
"Q03591","N-T",0.0968583349107854,0.0255305508370588,3.79382080429659,2,0.0629849127536344,0.240258384915291,NA,0.4,0.0666666666666667
"Q04726","N-T",-1.19115390956634,0.170006239102717,-7.00653055942642,0,NA,NA,NA,0.766666666666667,0.166666666666667
"Q05209","N-T",0.449524644975634,0.542409076826648,0.82875575682761,1,0.559439594503357,0.717997340539067,NA,0.677777777777778,0.211111111111111
"Q05519","N-T",-1.86486684116789,0.276126575038571,-6.75366665054745,5,0.00108054448045003,0.0432217792180012,NA,0.1,0.0333333333333333
"Q06323","N-T",NA,NA,NA,NA,NA,NA,NA,NA,NA
"Q06828","N-T",-Inf,NA,NA,NA,NA,0,"oneConditionMissing",NA,NA
"Q07021","N-T",-1.21625467492517,0.429468385799113,-2.8320004804593,4,0.0472490938739534,0.22057933543035,NA,0.355555555555556,0.155555555555556
"Q08945","N-T",-Inf,NA,NA,NA,NA,0,"oneConditionMissing",NA,NA
"Q10588","N-T",NA,NA,NA,NA,NA,NA,NA,NA,NA
"Q12788","N-T",-Inf,NA,NA,NA,NA,0,"oneConditionMissing",NA,NA
"Q12800;Q9NZI7","N-T",NA,NA,NA,NA,NA,NA,NA,NA,NA
"Q12884","N-T",-Inf,NA,NA,NA,NA,0,"oneConditionMissing",NA,NA
"Q12972","N-T",-Inf,NA,NA,NA,NA,0,"oneConditionMissing",NA,NA
"Q13043","N-T",-Inf,NA,NA,NA,NA,0,"oneConditionMissing",NA,NA
"Q13155","N-T",-0.760327012898543,0.155627068904996,-4.88557047464984,5,0.00453096540776388,0.072495446524222,NA,0.266666666666667,0.133333333333333
"Q13231","N-T",1.85255953876373,0.580734626478335,3.19002768957989,0,NA,NA,NA,0.706666666666667,0.04
"Q13232","N-T",-0.0626027030029231,0.237266296947352,-0.263849960185514,5,0.80242484515123,0.895730059703698,NA,0.433333333333333,0.3
"Q13428","N-T",-Inf,NA,NA,NA,NA,0,"oneConditionMissing",NA,NA
"Q13442","N-T",-1.01144214747904,0.145572447541893,-6.94803284933414,0,NA,NA,NA,0.653333333333333,0.12
"Q13492","N-T",NA,NA,NA,NA,NA,NA,NA,NA,NA
"Q13541","N-T",-Inf,NA,NA,NA,NA,0,"oneConditionMissing",NA,NA
"Q13557","N-T",NA,NA,NA,NA,NA,NA,NA,NA,NA
"Q13586","N-T",0.710778964805406,0.00163073415331887,435.864400925698,0,NA,NA,NA,0.6,0.0666666666666667
"Q13596","N-T",-0.173539398146277,0.179442546999331,-0.967102847391728,6,0.370841381340483,0.590380295935779,NA,0.2,0.133333333333333
"Q13868","N-T",-0.229778374612955,0.000561832385418497,-408.980294793433,0,NA,NA,NA,0.6,0
"Q13884","N-T",Inf,NA,NA,NA,NA,0,"oneConditionMissing",NA,NA
"Q14011","N-T",-Inf,NA,NA,NA,NA,0,"oneConditionMissing",NA,NA
"Q14108","N-T",-0.497899347538346,0.258172502802127,-1.92855297188622,5,0.111697240829258,0.291384106511107,NA,0.344444444444444,0.277777777777778
"Q14192","N-T",-2.36940366009983,0.496241806185261,-4.77469578452902,3,0.0174573204479185,0.139658563583348,NA,0.506666666666667,0.24
"Q14194","N-T",-Inf,NA,NA,NA,NA,0,"oneConditionMissing",NA,NA
"Q14376","N-T",0.244944923255401,0.00118510730407946,206.685860775842,0,NA,NA,NA,0.693333333333333,0.0933333333333333
"Q14444","N-T",-Inf,NA,NA,NA,NA,0,"oneConditionMissing",NA,NA
"Q14566","N-T",-Inf,NA,NA,NA,NA,0,"oneConditionMissing",NA,NA
"Q14574","N-T",-Inf,NA,NA,NA,NA,0,"oneConditionMissing",NA,NA
"Q14657","N-T",-1.19524415021846,0.583805625847312,-2.04733236080713,0,NA,NA,NA,0.8,0.0666666666666667
"Q14683","N-T",-Inf,NA,NA,NA,NA,0,"oneConditionMissing",NA,NA
"Q14839","N-T",-1.56858336214444,0.0424245101469899,-36.9735173537585,0,NA,NA,NA,0.8,0
"Q15020","N-T",-0.48152854328372,0.44081036311048,-1.09237119537282,1,0.471913601337854,0.670173161663225,NA,0.561904761904762,0.161904761904762
"Q15042","N-T",-0.130625612549934,0.567456362431284,-0.230194991541314,1,0.855962500685867,0.929552036943928,NA,0.7,0.166666666666667
"Q15418","N-T",-0.165218606778037,0.342898321798386,-0.481829732824358,1,0.714153891435454,0.840181048747593,NA,0.733333333333333,0.0666666666666667
"Q15427","N-T",-Inf,NA,NA,NA,NA,0,"oneConditionMissing",NA,NA
"Q15435","N-T",0.0723073006500575,0.200230385889629,0.361120517891398,4,0.736274507777487,0.853651603220275,NA,0.311111111111111,0.177777777777778
"Q15493","N-T",Inf,NA,NA,NA,NA,0,"oneConditionMissing",NA,NA
"Q15599","N-T",1.9466258229907,0.201918606050758,9.64064610520023,1,0.0657996548022974,0.240258384915291,NA,0.616666666666667,0.15
"Q15651","N-T",-0.00602696210561963,0.577858588441141,-0.010429821804463,1,0.993360409964178,0.994532590928868,NA,0.714285714285714,0.247619047619048
"Q15814","N-T",-0.384799796081623,0.318321779921418,-1.20883904386504,1,0.439987922334819,0.643884764392418,NA,0.477777777777778,0.0777777777777778
"Q15836","N-T",-0.126860795823553,0.344872060381983,-0.367848864541365,0,NA,NA,NA,0.688888888888889,0.0222222222222222
"Q16134","N-T",-0.8156099782514,0.312813492742089,-2.60733631117332,0,NA,NA,NA,0.583333333333333,0.05
"Q16186","N-T",-0.488507998754614,0.230692983428664,-2.11756764984433,3,0.124469381019106,0.300659947900425,NA,0.533333333333333,0.266666666666667
"Q16539","N-T",-0.930200386392258,0.155979992942631,-5.96358782202525,0,NA,NA,NA,0.733333333333333,0.0666666666666667
"Q16563","N-T",-0.163093128048908,0.525239208499448,-0.3105120969831,5,0.768698227469048,0.864428929564463,NA,0.2,0.133333333333333
"Q16585","N-T",0.569371776645366,0.217103700199188,2.62257979077731,3,0.0788262789787955,0.245692298115726,NA,0.48,0.146666666666667
"Q16610","N-T",-0.532907032366822,0.508278403086199,-1.0484549985423,3,0.371447602859594,0.590380295935779,NA,0.546666666666667,0.346666666666667
"Q16625","N-T",1.0516842246754,0.18372926242646,5.72409757044741,2,0.0291903581408812,0.1832209212536,NA,0.426666666666667,0.0933333333333333
"Q16678","N-T",0.277706705470286,0.31870374218645,0.871363177492345,1,0.543692280191092,0.715894656091073,NA,0.5,0.1
"Q16719","N-T",-0.628415897077039,0.548214211339845,-1.14629625441701,3,0.33481576472682,0.551235561579571,NA,0.333333333333333,0.0666666666666667
"Q16762","N-T",-Inf,NA,NA,NA,NA,0,"oneConditionMissing",NA,NA
"Q4V9L6","N-T",0.723158948728009,0.470639527485573,1.53654528889985,5,0.185006594344837,0.386100718632703,NA,0.166666666666667,0.1
"Q562R1","N-T",NA,NA,NA,NA,NA,NA,NA,NA,NA
"Q5BJD5","N-T",1.45846189274087,0.485903595377495,3.00154579347742,0,NA,NA,NA,0.566666666666667,0.1
"Q5HYN5;P0DMU9;Q8NHU0;P0DMU7;P0DMU8;P0DMV0;P0DMV1;P0DMV2;Q5DJT8","N-T",-Inf,NA,NA,NA,NA,0,"oneConditionMissing",NA,NA
"Q5JPH6","N-T",-Inf,NA,NA,NA,NA,0,"oneConditionMissing",NA,NA
"Q5JRA6","N-T",-Inf,NA,NA,NA,NA,0,"oneConditionMissing",NA,NA
"Q5T5P2","N-T",-0.685339238035036,0.331092500697837,-2.06993283324316,0,NA,NA,NA,0.566666666666667,0.0333333333333333
"Q5TEC6","N-T",-1.46200623130969,0.789923907489172,-1.85081906934147,1,0.315360128758311,0.544506697136653,NA,0.5,0.1
"Q5U651","N-T",Inf,NA,NA,NA,NA,0,"oneConditionMissing",NA,NA
"Q5VT66;Q969Z3","N-T",0.814273086108462,0.302709463045475,2.68994922694615,4,0.0546609388356867,0.230030509842406,NA,0.422222222222222,0.222222222222222
"Q5VW32","N-T",-0.0218509047312902,0.635981882351523,-0.0343577471900569,0,NA,NA,NA,0.483333333333333,0.0166666666666667
"Q5VZK9","N-T",-0.0550352211102503,0.386426984556487,-0.142420750386818,1,0.909937805769995,0.953646608667244,NA,0.741666666666667,0.208333333333333
"Q66PJ3","N-T",0.437162659901375,0.00113883685030891,383.867680241288,0,NA,NA,NA,0.644444444444444,0.111111111111111
"Q6EMK4","N-T",0.0380763827639577,0.59886571663386,0.0635808357472517,0,NA,NA,NA,0.666666666666667,0.0666666666666667
"Q6NUK1","N-T",NA,NA,NA,NA,NA,NA,NA,NA,NA
"Q6P587","N-T",-2.24079170869072,0.633639224779687,-3.53638414583603,0,NA,NA,NA,0.6,0.133333333333333
"Q6UVK1","N-T",NA,NA,NA,NA,NA,NA,NA,NA,NA
"Q6UX04","N-T",-Inf,NA,NA,NA,NA,0,"oneConditionMissing",NA,NA
"Q6UX06","N-T",-Inf,NA,NA,NA,NA,0,"oneConditionMissing",NA,NA
"Q6YHK3","N-T",0.487526015855126,0.207652771794648,2.34779440525479,2,0.143399609202179,0.321643983257225,NA,0.614814814814815,0.281481481481481
"Q6ZMI0","N-T",0.226191202051503,0.349462251061928,0.647255036457199,1,0.634298149171641,0.776691611230581,NA,0.68,0.146666666666667
"Q6ZRV2","N-T",NA,NA,NA,NA,NA,NA,NA,NA,NA
"Q70E73","N-T",0.338038345993958,0.317036253151788,1.06624508280482,2,0.397983787313197,0.608382859587053,NA,0.555555555555556,0.155555555555556
"Q70UQ0","N-T",-Inf,NA,NA,NA,NA,0,"oneConditionMissing",NA,NA
"Q7KZ85","N-T",-0.634580330550147,0.289246540919728,-2.19390810528745,0,NA,NA,NA,0.622222222222222,0.0888888888888889
"Q7Z422","N-T",-0.112288863263314,0.0235680650144962,-4.76444982624782,1,0.131706924034492,0.303939055464212,NA,0.533333333333333,0.133333333333333
"Q7Z4I7","N-T",0.983526134994299,0.105868326380646,9.29008862818953,1,0.0682639287915436,0.240258384915291,NA,0.633333333333333,0.166666666666667
"Q7Z5G4","N-T",-0.0141113635034326,0.357565239389088,-0.039465143556858,2,0.972104788937401,0.992787869553091,NA,0.55,0.15
"Q7Z5L7","N-T",0.272948551256571,0.579146608367295,0.47129439646734,4,0.661985808470511,0.790430816084192,NA,0.377777777777778,0.177777777777778
"Q7Z5R6","N-T",-Inf,NA,NA,NA,NA,0,"oneConditionMissing",NA,NA
"Q7Z7H5;Q9BVK6","N-T",-Inf,NA,NA,NA,NA,0,"oneConditionMissing",NA,NA
"Q86T13","N-T",1.07265387775767,0.185688800403835,5.77662129016324,2,0.0286844633316481,0.1832209212536,NA,0.63030303030303,0.296969696969697
"Q86U28","N-T",-0.438216370659608,0.259039046219703,-1.691700062422,1,0.339869327650896,0.554888698205544,NA,0.666666666666667,0.2
"Q86UX2","N-T",0.610386038254369,0.374684266615581,1.62906770483804,0,NA,NA,NA,0.533333333333333,0
"Q86V81","N-T",NA,NA,NA,NA,NA,NA,NA,NA,NA
"Q86VR2","N-T",-1.32422283327269,0.192673516168442,-6.87288455417506,5,0.000997293856050963,0.0432217792180012,NA,0.213333333333333,0.08
"Q86W92","N-T",0.382235590306212,0.11760874684958,3.25006090571722,2,0.0830479637139929,0.249444885821275,NA,0.613333333333333,0.08
"Q8IUX4;Q9HC16","N-T",-Inf,NA,NA,NA,NA,0,"oneConditionMissing",NA,NA
"Q8IWK6","N-T",-0.473592308167161,0.44907096897132,-1.05460459680128,0,NA,NA,NA,0.511111111111111,0.0444444444444444
"Q8IXM3","N-T",-0.0218904517585989,0.00351345198783612,-6.23046844937274,0,NA,NA,NA,0.6,0.133333333333333
"Q8IXQ6","N-T",-1.04088112326156,0.0931864068093479,-11.1698815192126,2,0.00791989718997033,0.090513110742518,NA,0.586666666666667,0.12
"Q8IY17","N-T",-1.49506121896028,0.200254403824296,-7.46580944243329,1,0.0847668357515299,0.249444885821275,NA,0.676190476190476,0.20952380952381
"Q8IY81","N-T",-Inf,NA,NA,NA,NA,0,"oneConditionMissing",NA,NA
"Q8IYB8","N-T",NA,NA,NA,NA,NA,NA,NA,NA,NA
"Q8IZV5","N-T",-Inf,NA,NA,NA,NA,0,"oneConditionMissing",NA,NA
"Q8N335","N-T",NA,NA,NA,NA,NA,NA,NA,NA,NA
"Q8N3R9","N-T",0.439027309109775,0.0695488274985215,6.31250482431365,1,0.100019426173851,0.264228666447992,NA,0.586666666666667,0.186666666666667
"Q8N4V1","N-T",-0.0821428633223579,0.0343325087153282,-2.3925680469043,0,NA,NA,NA,0.613333333333333,0.08
"Q8N5N7","N-T",-0.472599110247838,0.411175935491581,-1.14938416734633,1,0.455825378317165,0.655078388000716,NA,0.64,0.173333333333333
"Q8N684","N-T",-Inf,NA,NA,NA,NA,0,"oneConditionMissing",NA,NA
"Q8NB37","N-T",-0.555107197540412,0.202147863954238,-2.74604532880979,4,0.0515837042394116,0.22509252759016,NA,0.377777777777778,0.177777777777778
"Q8NBK3","N-T",-0.0602689762065736,0.0298296472692204,-2.02043878235067,0,NA,NA,NA,0.622222222222222,0.0222222222222222
"Q8NC56","N-T",-0.13326867013145,0.390874279718007,-0.34095021608379,4,0.750296953709884,0.85890904610808,NA,0.422222222222222,0.222222222222222
"Q8NCI6","N-T",0.714307340109853,0.0012744972097867,560.462066628925,0,NA,NA,NA,0.555555555555556,0.155555555555556
"Q8NF50","N-T",-0.273049571578438,0.0702294797388081,-3.88796232855409,0,NA,NA,NA,0.666666666666667,0.133333333333333
"Q8NF91","N-T",-0.0308468287078616,0.549671975211931,-0.0561186127343827,1,0.964311215005096,0.98903714359497,NA,0.611111111111111,0.144444444444444
"Q8NFH5","N-T",-1.67565197508666,0.328734113397272,-5.09728655103601,2,0.0363992922144978,0.199993540302705,NA,0.566666666666667,0.233333333333333
"Q8NFV4","N-T",-0.572666462631857,0.0843350008973813,-6.79037714517459,1,0.0930841504918578,0.260055624810247,NA,0.488888888888889,0.155555555555556
"Q8TC12","N-T",-Inf,NA,NA,NA,NA,0,"oneConditionMissing",NA,NA
"Q8TCE6;Q6NSW5","N-T",-Inf,NA,NA,NA,NA,0,"oneConditionMissing",NA,NA
"Q8TCS8","N-T",-Inf,NA,NA,NA,NA,0,"oneConditionMissing",NA,NA
"Q8TD19","N-T",0.326467272218854,0.25476202128939,1.28145973472244,1,0.421856168022042,0.628853915063914,NA,0.716666666666667,0.05
"Q8TD47","N-T",-0.731777376277105,0.27312050411777,-2.67932053889869,3,0.07509229017387,0.242858704330826,NA,0.433333333333333,0.166666666666667
"Q8WU79","N-T",-0.630203306386185,0.169725861406196,-3.7130658885151,0,NA,NA,NA,0.711111111111111,0.177777777777778
"Q8WW12","N-T",0.0121609413144837,0.557300224805519,0.0218211670715323,1,0.98611041787617,0.994532590928868,NA,0.611111111111111,0.144444444444444
"Q8WYJ6","N-T",-1.39521872259455,0.530050193441223,-2.63223887069342,0,NA,NA,NA,0.573333333333333,0.106666666666667
"Q92520","N-T",-Inf,NA,NA,NA,NA,0,"oneConditionMissing",NA,NA
"Q92625","N-T",-0.3347134440428,0.794906209628558,-0.421072876256942,0,NA,NA,NA,0.7,0.0333333333333333
"Q92629","N-T",0.851874370722756,0.509052766281658,1.67345003730206,0,NA,NA,NA,0.766666666666667,0.0333333333333333
"Q92696","N-T",-0.145021828363823,0.126674665108081,-1.14483687989297,3,0.335334966627572,0.551235561579571,NA,0.333333333333333,0.0666666666666667
"Q92769","N-T",-2.02343705304955,0.344176064189867,-5.87907546044023,4,0.00418281770849149,0.0717054464312827,NA,0.4,0.2
"Q92797","N-T",-0.930015044978417,0.203307096447316,-4.57443474049818,3,0.0196050550790772,0.147037913093079,NA,0.4,0.133333333333333
"Q92922","N-T",-Inf,NA,NA,NA,NA,0,"oneConditionMissing",NA,NA
"Q92930","N-T",0.0961773848151878,0.298815979603894,0.321861584988457,3,0.768680821622142,0.864428929564463,NA,0.377777777777778,0.111111111111111
"Q93091","N-T",0.449850455051329,0.754783266513309,0.595999507420714,3,0.593148928998193,0.74924075241877,NA,0.533333333333333,0.2
"Q969Z0","N-T",-Inf,NA,NA,NA,NA,0,"oneConditionMissing",NA,NA
"Q969Z3","N-T",0.510195917724592,0.143710406409154,3.55016682836472,2,0.0709960924353421,0.240258384915291,NA,0.544444444444445,0.211111111111111
"Q96A00","N-T",1.66103497933021,0.313780842420999,5.29361501650123,3,0.0131539196013248,0.129017998683082,NA,0.483333333333333,0.15
"Q96A35","N-T",-Inf,NA,NA,NA,NA,0,"oneConditionMissing",NA,NA
"Q96AT9","N-T",-0.177265015823156,0.324016412956407,-0.547086532456013,5,0.607841008296358,0.759801260370447,NA,0.3,0.233333333333333
"Q96AZ6","N-T",-Inf,NA,NA,NA,NA,0,"oneConditionMissing",NA,NA
"Q96B54","N-T",-0.541030478837597,0.387398926984774,-1.39657196019766,1,0.395601566677024,0.608382859587053,NA,0.666666666666667,0.133333333333333
"Q96BM9;Q9NVJ2","N-T",NA,NA,NA,NA,NA,NA,NA,NA,NA
"Q96CV9","N-T",-0.364239171355856,0.507157444378007,-0.718197426447265,2,0.547201335688207,0.715894656091073,NA,0.511111111111111,0.177777777777778
"Q96EL3","N-T",-Inf,NA,NA,NA,NA,0,"oneConditionMissing",NA,NA
"Q96FQ6","N-T",NA,NA,NA,NA,NA,NA,NA,NA,NA
"Q96GQ5","N-T",-1.14410120156696,0.619413502918341,-1.84707178028341,0,NA,NA,NA,0.683333333333333,0.15
"Q96HF1","N-T",-Inf,NA,NA,NA,NA,0,"oneConditionMissing",NA,NA
"Q96HS1","N-T",-Inf,NA,NA,NA,NA,0,"oneConditionMissing",NA,NA
"Q96JJ3","N-T",-0.196966373357277,0.0448254823250224,-4.39407147767213,0,NA,NA,NA,0.733333333333333,0.0666666666666667
"Q96KA5","N-T",-2.39859283438546,0.0551895435199496,-43.4610015123324,1,0.0146454853645395,0.129017998683082,NA,0.5,0.1
"Q96L92","N-T",NA,NA,NA,NA,NA,NA,NA,NA,NA
"Q96MM6","N-T",0.603300359956995,1.25090593788222,0.482290747598802,0,NA,NA,NA,0.6,0.0666666666666667
"Q96PU5","N-T",-0.192588855852379,0.396013474622102,-0.486318946687756,0,NA,NA,NA,0.573333333333333,0.106666666666667
"Q96PX6","N-T",Inf,NA,NA,NA,NA,0,"oneConditionMissing",NA,NA
"Q96RF0","N-T",-0.986609045735112,0.0862270086909367,-11.4419955036526,1,0.0554978599462346,0.230030509842406,NA,0.693333333333333,0.0933333333333333
"Q96RW7","N-T",-0.199903533259815,0.0971970303349761,-2.05668354857011,0,NA,NA,NA,0.733333333333333,0
"Q96SL4","N-T",NA,NA,NA,NA,NA,NA,NA,NA,NA
"Q96T76","N-T",-Inf,NA,NA,NA,NA,0,"oneConditionMissing",NA,NA
"Q99426","N-T",-0.713456310763967,0.264775917156154,-2.69456647880555,2,0.11454343054826,0.292451312038111,NA,0.533333333333333,0.2
"Q9BPW8","N-T",-0.650439110752259,0.324568631640014,-2.00401100829015,0,NA,NA,NA,0.64,0.106666666666667
"Q9BQG0","N-T",-Inf,NA,NA,NA,NA,0,"oneConditionMissing",NA,NA
"Q9BQL6","N-T",-Inf,NA,NA,NA,NA,0,"oneConditionMissing",NA,NA
"Q9BR76","N-T",-0.530354545274633,0.233225901450087,-2.2739950493369,5,0.0720775154745872,0.240258384915291,NA,0.1,0.0333333333333333
"Q9BRP8","N-T",0.0298321498916015,0.489176136173615,0.0609844750910204,0,NA,NA,NA,0.746666666666667,0.08
"Q9BSL1","N-T",NA,NA,NA,NA,NA,NA,NA,NA,NA
"Q9BTZ2;Q6PKH6","N-T",NA,NA,NA,NA,NA,NA,NA,NA,NA
"Q9BUQ8","N-T",-Inf,NA,NA,NA,NA,0,"oneConditionMissing",NA,NA
"Q9BVG4","N-T",-1.07341294857333,0.424004242141013,-2.5316089837996,4,0.0645540806126235,0.240258384915291,NA,0.306666666666667,0.106666666666667
"Q9BVP2","N-T",-Inf,NA,NA,NA,NA,0,"oneConditionMissing",NA,NA
"Q9BW92","N-T",-Inf,NA,NA,NA,NA,0,"oneConditionMissing",NA,NA
"Q9BWM7;Q9H9B4","N-T",0.257507304863353,0.485003282879426,0.530939302791008,0,NA,NA,NA,0.466666666666667,0
"Q9BXD5","N-T",-0.146185357363972,0.00105715222652679,-138.282220569364,0,NA,NA,NA,0.583333333333333,0.05
"Q9BZE9","N-T",-Inf,NA,NA,NA,NA,0,"oneConditionMissing",NA,NA
"Q9BZJ0","N-T",NA,NA,NA,NA,NA,NA,NA,NA,NA
"Q9BZL4","N-T",0.587344819606181,0.0139433010429702,42.1237996508942,1,0.0151102280802675,0.129017998683082,NA,0.683333333333333,0.0833333333333333
"Q9BZZ5","N-T",-0.158746837473066,0.314343580909018,-0.505010590685525,3,0.648314369396045,0.789199332776237,NA,0.555555555555556,0.288888888888889
"Q9C002","N-T",0.805455827720096,0.412775900538552,1.95131505174893,1,0.301488899650233,0.532039234676882,NA,0.45,0.05
"Q9C005","N-T",-Inf,NA,NA,NA,NA,0,"oneConditionMissing",NA,NA
"Q9GZP4","N-T",NA,NA,NA,NA,NA,NA,NA,NA,NA
"Q9GZS3","N-T",NA,NA,NA,NA,NA,NA,NA,NA,NA
"Q9GZT8","N-T",0.280379212194769,0.250624485627334,1.11872234467816,1,0.464364356113157,0.663377651590224,NA,0.577777777777778,0.177777777777778
"Q9H0F6","N-T",-0.407669358950852,0.574209877598148,-0.709965771846497,1,0.606961689249745,0.759801260370447,NA,0.677777777777778,0.211111111111111
"Q9H1B7","N-T",-1.19842552782155,0.0800580032883067,-14.9694656198925,1,0.0424647962831672,0.220286855290821,NA,0.59047619047619,0.19047619047619
"Q9H1E5","N-T",-0.247242639115264,0.677037294202388,-0.365183190398009,0,NA,NA,NA,0.733333333333333,0.0666666666666667
"Q9H1I8","N-T",-Inf,NA,NA,NA,NA,0,"oneConditionMissing",NA,NA
"Q9H1K1","N-T",-0.414161520922025,0.290633431206919,-1.42503055894888,5,0.213463926130239,0.43051548127107,NA,0.373333333333333,0.306666666666667
"Q9H1P3","N-T",-Inf,NA,NA,NA,NA,0,"oneConditionMissing",NA,NA
"Q9H3G5","N-T",-0.550515559323129,0.494066835738533,-1.11425321333341,0,NA,NA,NA,0.733333333333333,0.0666666666666667
"Q9H444","N-T",-1.20583498194163,0.219460051553846,-5.49455344334397,4,0.00534721078229738,0.0802081617344608,NA,0.411111111111111,0.144444444444444
"Q9H6F5","N-T",-Inf,NA,NA,NA,NA,0,"oneConditionMissing",NA,NA
"Q9H6R3","N-T",0.315307547453575,0.224405462517165,1.40507964430437,1,0.393773205445877,0.608382859587053,NA,0.64,0.24
"Q9H773","N-T",-Inf,NA,NA,NA,NA,0,"oneConditionMissing",NA,NA
"Q9H7Z6","N-T",0.11427436803749,0.0254418692447205,4.49158695606468,0,NA,NA,NA,0.72,0.0533333333333333
"Q9HAB8","N-T",NA,NA,NA,NA,NA,NA,NA,NA,NA
"Q9HB07","N-T",-Inf,NA,NA,NA,NA,0,"oneConditionMissing",NA,NA
"Q9HBH5","N-T",0.146760500666862,0.601997211136145,0.243789336481945,5,0.817081007499716,0.903684063594156,NA,0.306666666666667,0.24
"Q9HCK5;Q9UL18","N-T",-0.201678974210913,0.180591644716098,-1.11676802394688,0,NA,NA,NA,0.688888888888889,0.0222222222222222
"Q9HD89","N-T",0.32899849584967,0.196583660192217,1.67358007032721,2,0.236187940439271,0.453150383906146,NA,0.477777777777778,0.144444444444444
"Q9NP55","N-T",-0.130801639253411,0.781662374549384,-0.16733777077196,0,NA,NA,NA,0.577777777777778,0.0444444444444444
"Q9NQ88","N-T",-0.563404521822642,0.341821933625216,-1.64823981845582,4,0.174648711141598,0.370935315698968,NA,0.213333333333333,0.0133333333333333
"Q9NQP4","N-T",-0.479782017223649,0.201818774177314,-2.37729130592243,3,0.09785690613564,0.264228666447992,NA,0.52,0.253333333333333
"Q9NSK0","N-T",0.0644441534110486,0.29116111002702,0.221335031333917,3,0.839041116244035,0.915317581357129,NA,0.444444444444444,0.177777777777778
"Q9NTI5","N-T",0.223601541798386,0.0638694523895218,3.50091528004191,0,NA,NA,NA,0.8,0.2
"Q9NTK5","N-T",-0.735785781187909,0.400656762125457,-1.83644917730732,4,0.140174589387186,0.317376428801177,NA,0.233333333333333,0.0333333333333333
"Q9NV06","N-T",-Inf,NA,NA,NA,NA,0,"oneConditionMissing",NA,NA
"Q9NX24","N-T",-0.544709934323154,0.237521424536555,-2.29330863683551,0,NA,NA,NA,0.6,0.0666666666666667
"Q9NX40","N-T",-0.233358365771347,0.250899944632218,-0.930085361770073,3,0.420933410162065,0.628853915063914,NA,0.422222222222222,0.155555555555556
"Q9NXG2","N-T",0.30192175658999,0.000617918012265183,488.611353928972,0,NA,NA,NA,0.6,0.0666666666666667
"Q9NXJ5","N-T",NA,NA,NA,NA,NA,NA,NA,NA,NA
"Q9NYW8","N-T",-Inf,NA,NA,NA,NA,0,"oneConditionMissing",NA,NA
"Q9NZ09","N-T",-0.574715274066637,0.308532642472461,-1.86273734105115,2,0.203535765821073,0.413971049127606,NA,0.45,0.116666666666667
"Q9NZD4","N-T",NA,NA,NA,NA,NA,NA,NA,NA,NA
"Q9NZN3","N-T",Inf,NA,NA,NA,NA,0,"oneConditionMissing",NA,NA
"Q9NZN8","N-T",-0.361118587945871,0.423243610037028,-0.853216869391787,1,0.550318110279347,0.715894656091073,NA,0.566666666666667,0.1
"Q9NZT1","N-T",-Inf,NA,NA,NA,NA,0,"oneConditionMissing",NA,NA
"Q9P003","N-T",0.25798368827288,0.119895632540898,2.15173549532656,5,0.0840603837188092,0.249444885821275,NA,0.388888888888889,0.255555555555556
"Q9P015","N-T",-Inf,NA,NA,NA,NA,0,"oneConditionMissing",NA,NA
"Q9P0J1","N-T",NA,NA,NA,NA,NA,NA,NA,NA,NA
"Q9P266","N-T",NA,NA,NA,NA,NA,NA,NA,NA,NA
"Q9P287","N-T",-Inf,NA,NA,NA,NA,0,"oneConditionMissing",NA,NA
"Q9P289","N-T",-1.06720895206463,0.231734117535356,-4.60531648690791,2,0.0440573710581642,0.220286855290821,NA,0.56,0.226666666666667
"Q9UBC2","N-T",0.292737168155708,0.148506374217544,1.97120944941315,2,0.187478352876902,0.38788624733152,NA,0.533333333333333,0.133333333333333
"Q9UBC9","N-T",-Inf,NA,NA,NA,NA,0,"oneConditionMissing",NA,NA
"Q9UBQ0","N-T",-0.186700167814309,0.473050704975234,-0.394672634139894,2,0.731195734468851,0.851878525594778,NA,0.5,0.166666666666667
"Q9UEW3","N-T",-0.19183641831578,0.232564489797835,-0.824874074638569,4,0.455792670297304,0.655078388000716,NA,0.266666666666667,0.133333333333333
"Q9UEY8","N-T",0.101716980073238,0.203201303516847,0.500572478191831,3,0.651089449540396,0.789199332776237,NA,0.4,0.133333333333333
"Q9UHL4","N-T",-0.631027720506314,0.188087702491935,-3.35496532812065,5,0.0202187946500563,0.147045779273137,NA,0.311111111111111,0.177777777777778
"Q9UHY1","N-T",-Inf,NA,NA,NA,NA,0,"oneConditionMissing",NA,NA
"Q9UI12","N-T",-0.2806878706673,0.781469570018383,-0.35917952718325,0,NA,NA,NA,0.566666666666667,0.0333333333333333
"Q9UIA9","N-T",-0.047911964756343,0.244562975721892,-0.195908496022009,1,0.876840593189916,0.942275940130931,NA,0.533333333333333,0.133333333333333
"Q9UIV8","N-T",-Inf,NA,NA,NA,NA,0,"oneConditionMissing",NA,NA
"Q9UK99","N-T",-Inf,NA,NA,NA,NA,0,"oneConditionMissing",NA,NA
"Q9UKY7","N-T",-1.41361685518695,0.208413048053167,-6.78276561084763,5,0.00105948987737059,0.0432217792180012,NA,0.255555555555556,0.122222222222222
"Q9ULC5","N-T",0.556444519638655,0.00165938919617689,335.330928344395,0,NA,NA,NA,0.666666666666667,0.133333333333333
"Q9ULP9","N-T",0.607074026158142,0.263109354524248,2.30730688863513,1,0.260357604666868,0.47699103145075,NA,0.65,0.183333333333333
"Q9Y263","N-T",-0.742348195780386,0.298412179267537,-2.48766051574203,4,0.0676536426662708,0.240258384915291,NA,0.388888888888889,0.188888888888889
"Q9Y2H0","N-T",-0.558344588744517,0.584108179519191,-0.955892432809482,1,0.514354056670638,0.701391895459961,NA,0.666666666666667,0.0666666666666667
"Q9Y2V2","N-T",0.699147713176819,0.291975957533596,2.39453864312225,5,0.062038357805386,0.240258384915291,NA,0.311111111111111,0.177777777777778
"Q9Y2Y8","N-T",-Inf,NA,NA,NA,NA,0,"oneConditionMissing",NA,NA
"Q9Y2Z4","N-T",-Inf,NA,NA,NA,NA,0,"oneConditionMissing",NA,NA
"Q9Y316","N-T",-Inf,NA,NA,NA,NA,0,"oneConditionMissing",NA,NA
"Q9Y3B3","N-T",-Inf,NA,NA,NA,NA,0,"oneConditionMissing",NA,NA
"Q9Y3I1","N-T",2.18081224165183,0.242565572188808,8.99060910405839,1,0.0705195578616822,0.240258384915291,NA,0.493333333333333,0.16
"Q9Y4P3","N-T",-Inf,NA,NA,NA,NA,0,"oneConditionMissing",NA,NA
"Q9Y4Z0","N-T",-Inf,NA,NA,NA,NA,0,"oneConditionMissing",NA,NA
"Q9Y536","N-T",0.124002945091977,0.718173264110204,0.172664385168408,0,NA,NA,NA,0.8,0.0666666666666667
"Q9Y5J7","N-T",-Inf,NA,NA,NA,NA,0,"oneConditionMissing",NA,NA
"Q9Y5K8","N-T",-Inf,NA,NA,NA,NA,0,"oneConditionMissing",NA,NA
"Q9Y5S9","N-T",-1.66889544090382,0.310142158575294,-5.38106605232343,5,0.00298775240891924,0.0600694773591082,NA,0.244444444444444,0.111111111111111
"Q9Y639","N-T",0.333219762091784,0.0870174698751719,3.82934326371238,0,NA,NA,NA,0.755555555555556,0.0222222222222222
"Q9Y6D5","N-T",-Inf,NA,NA,NA,NA,0,"oneConditionMissing",NA,NA
"Q9Y6D6","N-T",-Inf,NA,NA,NA,NA,0,"oneConditionMissing",NA,NA
"Q9Y6E2","N-T",-Inf,NA,NA,NA,NA,0,"oneConditionMissing",NA,NA
"Q9Y6K9","N-T",-Inf,NA,NA,NA,NA,0,"oneConditionMissing",NA,NA
"Q9Y6M1","N-T",-1.20748151772901,0.997793142426673,-1.2101521511687,0,NA,NA,NA,0.716666666666667,0.116666666666667
"Q9Y6W5","N-T",0.0914398865055434,0.486389315272873,0.187997317445685,1,0.881698008242693,0.942275940130931,NA,0.533333333333333,0.2
"Q9Y6Z5","N-T",NA,NA,NA,NA,NA,NA,NA,NA,NA
"Random_1249","N-T",-0.0383361953470037,0.0947006212949413,-0.404814612858845,1,0.755124203036687,0.85890904610808,NA,0.533333333333333,0.0666666666666667
"Random_12764","N-T",-2.0863091056137,0.142367736193441,-14.6543673545455,1,0.0433750809219835,0.220286855290821,NA,0.6,0.2
"Random_13783","N-T",-0.477935127936266,0.102081131971378,-4.68191446064951,0,NA,NA,NA,0.755555555555556,0.0888888888888889
"Random_16891","N-T",0.130869080162471,0.171929165472004,0.761180220954312,5,0.480887420974734,0.678694330884525,NA,0.277777777777778,0.144444444444444
"Random_18081","N-T",0.574158779105115,0.427018974456155,1.34457439470074,1,0.407103107898441,0.618384467693834,NA,0.666666666666667,0.0666666666666667
"Random_19886","N-T",NA,NA,NA,NA,NA,NA,NA,NA,NA
"Random_3768","N-T",NA,NA,NA,NA,NA,NA,NA,NA,NA
"Random_6316","N-T",-1.94236548306671,0.186852096994276,-10.3952030205271,1,0.06105381712905,0.240258384915291,NA,0.466666666666667,0.0666666666666667
"Random_7230","N-T",1.56904525920832,0.127439051668383,12.3121228435631,2,0.00653224480474135,0.0860755776147171,NA,0.622222222222222,0.222222222222222
"Random_7652","N-T",1.3951109906173,0.169452608754458,8.23304522055992,1,0.0769480191779426,0.24299374477245,NA,0.666666666666667,0.2
"Random_8176","N-T",1.70993327328582,0.397872126059925,4.29769556922488,2,0.0501068815280001,0.222697251235556,NA,0.5,0.1
"Random_8196","N-T",1.31109638723687,0.820794657337223,1.59735005036493,1,0.356089813255853,0.577442940414896,NA,0.588888888888889,0.255555555555556
